Ticker,Address
NEO,AHS6NVhPVz5J4LvwPKv6vhqUyBaSuMq4QG
NEO,ALr3v1UKJrvJreV1ozRHFbXQxaaZ97Ekrj
FTC,3JtNG9SDty5sQK3uKq5HTNcYNf5SziMo9H
FTC,6q2GzcFqAVXxAWXqSZVDMhszbRzbapd17r
DASH,XeBZPEDeSt5fZ288GVzQ831uhq47QydbxC
DASH,XoFiVXcNNDWRcAHkR5d4BDyuBz4MuZB7EB
DGB,dgb1qg42tkwuuxefutzxezdkdel39gfstuap25q94er
DGB,DHUZPo9EnYJVmMKPsuzvrStVo6KYmemmUq
ETC,0xB09991c60c991C0FCcDe4B50B1100b05b8988E2D
ETC,0xCfb597D33389A16b6D4AefbaD4bA1cE4B8648f4f
EWT,0x626eDb68ec25063c055F1Bd41589ec07ef282a8b
EWT,0x8d544875b9c805205110C3288F402886349B5aEA
ONT,AFmseVrdL9f9oyCzZefL9tG6UbviEH9ugK
ONT,AG6JVMf1VHPsFjwpaXnhz8vRLpWmeqkALK
ALGO,M645L4V46IHAZI23JOGCSJ4WYOVCQJ4MXC2NHRGTEUN7GIESD6GNYA7REM
BTS,angel
BTS,her-mes
RDD,RfNXj1s8ZAqTAfesNgmPx2MseVK1AfDoNo
RDD,RpCksAkXzaRWcgH9AWsZxh2CgYLCVoDH4b
SC,396a06357c262109dec464b11b83246c543a277de55b280b337568673243dc55a40897201442
SC,7ebf7486960092fc1e7ac5efbb031eba49a114a9132cde32dc7893efb5fe3b7dfaaff320506b
DCR,DchLcP7Ss3MkdwWDARUzqFG6oepm66XiL5G
DCR,DsjTs2EszTnrevPtf5E6xfjvdSAzCrxc7D3