Ticker,Balance,Address,Date
NEO,0.0,AHS6NVhPVz5J4LvwPKv6vhqUyBaSuMq4QG,2021-02-09
GAS,2.56767993,AHS6NVhPVz5J4LvwPKv6vhqUyBaSuMq4QG,2021-02-09
RHT,1.0,AHS6NVhPVz5J4LvwPKv6vhqUyBaSuMq4QG,2021-02-09
ONT,0.8,AHS6NVhPVz5J4LvwPKv6vhqUyBaSuMq4QG,2021-02-09
MCT,2000.0,AHS6NVhPVz5J4LvwPKv6vhqUyBaSuMq4QG,2021-02-09
NNC,0.8,AHS6NVhPVz5J4LvwPKv6vhqUyBaSuMq4QG,2021-02-09
YEZ,5.0,AHS6NVhPVz5J4LvwPKv6vhqUyBaSuMq4QG,2021-02-09
CGAS,6.16e-06,AHS6NVhPVz5J4LvwPKv6vhqUyBaSuMq4QG,2021-02-09
NEO,68.0,ALr3v1UKJrvJreV1ozRHFbXQxaaZ97Ekrj,2021-02-09
GAS,9.31953348,ALr3v1UKJrvJreV1ozRHFbXQxaaZ97Ekrj,2021-02-09
YEZ,5.0,ALr3v1UKJrvJreV1ozRHFbXQxaaZ97Ekrj,2021-02-09
FTC,0,0xB09991c60c991C0FCcDe4B50B1100b05b8988E2D,2021-02-09
FTC,0,0xCfb597D33389A16b6D4AefbaD4bA1cE4B8648f4f,2021-02-09
FTC,10851.14408666,6w37xBrodALngBmT6EqzJd4cxLy4RpJzU5,2021-02-09
DASH,689.58915293,XeBZPEDeSt5fZ288GVzQ831uhq47QydbxC,2021-02-09
DASH,658.75083767,XoFiVXcNNDWRcAHkR5d4BDyuBz4MuZB7EB,2021-02-09
RDD,24109490785478250,RfNXj1s8ZAqTAfesNgmPx2MseVK1AfDoNo,2021-02-09
RDD,1196591056311876,RpCksAkXzaRWcgH9AWsZxh2CgYLCVoDH4b,2021-02-09
ong,10345724.796405264,AFmseVrdL9f9oyCzZefL9tG6UbviEH9ugK,2021-02-09
waitboundong,0,AFmseVrdL9f9oyCzZefL9tG6UbviEH9ugK,2021-02-09
unboundong,6974967.57705497,AFmseVrdL9f9oyCzZefL9tG6UbviEH9ugK,2021-02-09
ont,199879670,AFmseVrdL9f9oyCzZefL9tG6UbviEH9ugK,2021-02-09
ong,0,AG6JVMf1VHPsFjwpaXnhz8vRLpWmeqkALK,2021-02-09
waitboundong,0,AG6JVMf1VHPsFjwpaXnhz8vRLpWmeqkALK,2021-02-09
unboundong,0,AG6JVMf1VHPsFjwpaXnhz8vRLpWmeqkALK,2021-02-09
ont,0,AG6JVMf1VHPsFjwpaXnhz8vRLpWmeqkALK,2021-02-09
